2026 Parenteral and Enteral Nutrition Items and Services (PEN) Fee Schedule,,,,,,,,,,,,,,,,,,,,,,,,,,,,,,,,,,,,,,,,,,,,,,,,,,,,,,,,,,,,,,,,,,,,,,,,,,,,,,,,,,,,,,,,,,,,,,,,,,,,,,,,,*** Non-contiguous areas ***,,,,
January 2026 Fee Schedule,,,,,,,,,,,,,,,,,,,,,,,,,,,,,,,,,,,,,,,,,,,,,,,,,,,,,,,,,,,,,,,,,,,,,,,,,,,,,,,,,,,,,,,,,,,,,,,,,,,,,,,,,,,,,
,,,,,,,,,,,,,,,,,,,,,,,,,,,,,,,,,,,,,,,,,,,,,,,,,,,,,,,,,,,,,,,,,,,,,,,,,,,,,,,,,,,,,,,,,,,,,,,,,,,,,,,,,,,,,
,,,,,,,,,,,,,,,,,,,,,,,,,,,,,,,,,,,,,,,,,,,,,,,,,,,,,,,,,,,,,,,,,,,,,,,,,,,,,,,,,,,,,,,,,,,,,,,,,,,,,,,,,,,,,
HCPCS,MOD,MOD2,AL(NR),AL(R),AR(NR),AR(R),AZ(NR),AZ(R),CA(NR),CA(R),CO(NR),CO(R),CT(NR),CT(R),DC(NR),DC(R),DE(NR),DE(R),FL(NR),FL(R),GA(NR),GA(R),IA(NR),IA(R),ID(NR),ID(R),IL(NR),IL(R),IN(NR),IN(R),KS(NR),KS(R),KY(NR),KY(R),LA(NR),LA(R),MA(NR),MA(R),MD(NR),MD(R),ME(NR),ME(R),MI(NR),MI(R),MN(NR),MN(R),MO(NR),MO(R),MS(NR),MS(R),MT(NR),MT(R),NC(NR),NC(R),ND(NR),ND(R),NE(NR),NE(R),NH(NR),NH(R),NJ(NR),NJ(R),NM(NR),NM(R),NV(NR),NV(R),NY(NR),NY(R),OH(NR),OH(R),OK(NR),OK(R),OR(NR),OR(R),PA(NR),PA(R),RI(NR),RI(R),SC(NR),SC(R),SD(NR),SD(R),TN(NR),TN(R),TX(NR),TX(R),UT(NR),UT(R),VA(NR),VA(R),VT(NR),VT(R),WA(NR),WA(R),WI(NR),WI(R),WV(NR),WV(R),WY(NR),WY(R),AK(NR),AK(R),HI(NR),HI(R),PR(NR),PR(R),VI(NR),VI(R),Desc
B4034,,,3.94,6.16,3.94,6.16,3.87,6.16,3.83,6.16,4.02,6.16,3.94,6.16,3.84,6.16,3.84,6.16,3.94,6.16,3.94,6.16,3.86,6.16,4.02,6.16,3.85,6.16,3.85,6.16,3.86,6.16,3.94,6.16,3.94,6.16,3.94,6.16,3.84,6.16,3.94,6.16,3.85,6.16,3.86,6.16,3.86,6.16,3.94,6.16,4.02,6.16,3.94,6.16,3.86,6.16,3.86,6.16,3.94,6.16,3.84,6.16,3.87,6.16,3.83,6.16,3.84,6.16,3.85,6.16,3.87,6.16,3.83,6.16,3.84,6.16,3.94,6.16,3.94,6.16,3.86,6.16,3.94,6.16,3.87,6.16,4.02,6.16,3.94,6.16,3.94,6.16,3.83,6.16,3.85,6.16,3.94,6.16,4.02,6.16,6.16,0,6.16,0,6.16,0,6.16,0,Enter feed supkit syr by day
B4035,,,7.09,11.38,7.09,11.38,6.63,11.38,6.5,11.38,7.14,11.38,6.29,11.38,6.21,11.38,6.21,11.38,7.09,11.38,7.09,11.38,6.86,11.38,7.14,11.38,6.79,11.38,6.79,11.38,6.86,11.38,7.09,11.38,7.09,11.38,6.29,11.38,6.21,11.38,6.29,11.38,6.79,11.38,6.86,11.38,6.86,11.38,7.09,11.38,7.14,11.38,7.09,11.38,6.86,11.38,6.86,11.38,6.29,11.38,6.21,11.38,6.63,11.38,6.5,11.38,6.21,11.38,6.79,11.38,6.63,11.38,6.5,11.38,6.21,11.38,6.29,11.38,7.09,11.38,6.86,11.38,7.09,11.38,6.63,11.38,7.14,11.38,7.09,11.38,6.29,11.38,6.5,11.38,6.79,11.38,7.09,11.38,7.14,11.38,11.71,0,11.71,0,11.71,0,11.71,0,Enteral feed supp pump per d
B4036,,,5.45,8.2,5.45,8.2,5.21,8.2,5.22,8.2,5.39,8.2,5.39,8.2,5.23,8.2,5.23,8.2,5.45,8.2,5.45,8.2,5.3,8.2,5.39,8.2,5.26,8.2,5.26,8.2,5.3,8.2,5.45,8.2,5.45,8.2,5.39,8.2,5.23,8.2,5.39,8.2,5.26,8.2,5.3,8.2,5.3,8.2,5.45,8.2,5.39,8.2,5.45,8.2,5.3,8.2,5.3,8.2,5.39,8.2,5.23,8.2,5.21,8.2,5.22,8.2,5.23,8.2,5.26,8.2,5.21,8.2,5.22,8.2,5.23,8.2,5.39,8.2,5.45,8.2,5.3,8.2,5.45,8.2,5.21,8.2,5.39,8.2,5.45,8.2,5.39,8.2,5.22,8.2,5.26,8.2,5.45,8.2,5.39,8.2,8.24,0,8.24,0,8.24,0,8.24,0,Enteral feed sup kit grav by
B4081,,,19.24,24.99,19.24,24.99,18.99,24.99,20.14,24.99,19.66,24.99,20.22,24.99,20.4,24.99,20.4,24.99,19.24,24.99,19.24,24.99,19.02,24.99,19.66,24.99,19.3,24.99,19.3,24.99,19.02,24.99,19.24,24.99,19.24,24.99,20.22,24.99,20.4,24.99,20.22,24.99,19.3,24.99,19.02,24.99,19.02,24.99,19.24,24.99,19.66,24.99,19.24,24.99,19.02,24.99,19.02,24.99,20.22,24.99,20.4,24.99,18.99,24.99,20.14,24.99,20.4,24.99,19.3,24.99,18.99,24.99,20.14,24.99,20.4,24.99,20.22,24.99,19.24,24.99,19.02,24.99,19.24,24.99,18.99,24.99,19.66,24.99,19.24,24.99,20.22,24.99,20.14,24.99,19.3,24.99,19.24,24.99,19.66,24.99,24.99,0,24.99,0,24.99,0,24.99,0,Enteral ng tubing w/ stylet
B4082,,,14.08,18.28,14.08,18.28,13.42,18.28,14.2,18.28,13.96,18.28,14.04,18.28,14.56,18.28,14.56,18.28,14.08,18.28,14.08,18.28,14,18.28,13.96,18.28,13.61,18.28,13.61,18.28,14,18.28,14.08,18.28,14.08,18.28,14.04,18.28,14.56,18.28,14.04,18.28,13.61,18.28,14,18.28,14,18.28,14.08,18.28,13.96,18.28,14.08,18.28,14,18.28,14,18.28,14.04,18.28,14.56,18.28,13.42,18.28,14.2,18.28,14.56,18.28,13.61,18.28,13.42,18.28,14.2,18.28,14.56,18.28,14.04,18.28,14.08,18.28,14,18.28,14.08,18.28,13.42,18.28,13.96,18.28,14.08,18.28,14.04,18.28,14.2,18.28,13.61,18.28,14.08,18.28,13.96,18.28,18.28,0,18.28,0,18.28,0,18.28,0,Enteral ng tubing w/o stylet
B4083,,,2.11,2.78,2.11,2.78,2.07,2.78,2.08,2.78,2.18,2.78,2.05,2.78,2.18,2.78,2.18,2.78,2.11,2.78,2.11,2.78,2.05,2.78,2.18,2.78,2.01,2.78,2.01,2.78,2.05,2.78,2.11,2.78,2.11,2.78,2.05,2.78,2.18,2.78,2.05,2.78,2.01,2.78,2.05,2.78,2.05,2.78,2.11,2.78,2.18,2.78,2.11,2.78,2.05,2.78,2.05,2.78,2.05,2.78,2.18,2.78,2.07,2.78,2.08,2.78,2.18,2.78,2.01,2.78,2.07,2.78,2.08,2.78,2.18,2.78,2.05,2.78,2.11,2.78,2.05,2.78,2.11,2.78,2.07,2.78,2.18,2.78,2.11,2.78,2.05,2.78,2.08,2.78,2.01,2.78,2.11,2.78,2.18,2.78,2.78,0,2.78,0,2.78,0,2.78,0,Enteral stomach tube levine
B4087,,,33.31,42.3,33.31,42.3,33.9,42.3,37.64,42.3,36.1,42.3,36.79,42.3,32.32,42.3,32.32,42.3,33.31,42.3,33.31,42.3,32.28,42.3,36.1,42.3,33.63,42.3,33.63,42.3,32.28,42.3,33.31,42.3,33.31,42.3,36.79,42.3,32.32,42.3,36.79,42.3,33.63,42.3,32.28,42.3,32.28,42.3,33.31,42.3,36.1,42.3,33.31,42.3,32.28,42.3,32.28,42.3,36.79,42.3,32.32,42.3,33.9,42.3,37.64,42.3,32.32,42.3,33.63,42.3,33.9,42.3,37.64,42.3,32.32,42.3,36.79,42.3,33.31,42.3,32.28,42.3,33.31,42.3,33.9,42.3,36.1,42.3,33.31,42.3,36.79,42.3,37.64,42.3,33.63,42.3,33.31,42.3,36.1,42.3,42.3,0,42.3,0,42.3,0,42.3,0,"Gastro/jejuno tube, std"
B4088,,,38.03,45.49,38.03,45.49,39.8,45.49,42.59,45.49,43.59,45.49,44.03,45.49,38.57,45.49,38.57,45.49,38.03,45.49,38.03,45.49,37.96,45.49,43.59,45.49,38.81,45.49,38.81,45.49,37.96,45.49,38.03,45.49,38.03,45.49,44.03,45.49,38.57,45.49,44.03,45.49,38.81,45.49,37.96,45.49,37.96,45.49,38.03,45.49,43.59,45.49,38.03,45.49,37.96,45.49,37.96,45.49,44.03,45.49,38.57,45.49,39.8,45.49,42.59,45.49,38.57,45.49,38.81,45.49,39.8,45.49,42.59,45.49,38.57,45.49,44.03,45.49,38.03,45.49,37.96,45.49,38.03,45.49,39.8,45.49,43.59,45.49,38.03,45.49,44.03,45.49,42.59,45.49,38.81,45.49,38.03,45.49,43.59,45.49,46.82,0,46.82,0,46.82,0,46.82,0,"Gastro/jejuno tube, low-pro"
B4148,,,7.54,12.06,7.54,12.06,7.06,12.06,6.93,12.06,7.57,12.06,6.71,12.06,6.62,12.06,6.62,12.06,7.54,12.06,7.54,12.06,7.29,12.06,7.57,12.06,7.22,12.06,7.22,12.06,7.29,12.06,7.54,12.06,7.54,12.06,6.71,12.06,6.62,12.06,6.71,12.06,7.22,12.06,7.29,12.06,7.29,12.06,7.54,12.06,7.57,12.06,7.54,12.06,7.29,12.06,7.29,12.06,6.71,12.06,6.62,12.06,7.06,12.06,6.93,12.06,6.62,12.06,7.22,12.06,7.06,12.06,6.93,12.06,6.62,12.06,6.71,12.06,7.54,12.06,7.29,12.06,7.54,12.06,7.06,12.06,7.57,12.06,7.54,12.06,6.71,12.06,6.93,12.06,7.22,12.06,7.54,12.06,7.57,12.06,12.4,0,12.4,0,12.4,0,12.4,0,Enteral feed supp pump per d
B4149,,,1.3,1.74,1.3,1.74,1.28,1.74,1.33,1.74,1.31,1.74,1.28,1.74,1.27,1.74,1.27,1.74,1.3,1.74,1.3,1.74,1.28,1.74,1.31,1.74,1.26,1.74,1.26,1.74,1.28,1.74,1.3,1.74,1.3,1.74,1.28,1.74,1.27,1.74,1.28,1.74,1.26,1.74,1.28,1.74,1.28,1.74,1.3,1.74,1.31,1.74,1.3,1.74,1.28,1.74,1.28,1.74,1.28,1.74,1.27,1.74,1.28,1.74,1.33,1.74,1.27,1.74,1.26,1.74,1.28,1.74,1.33,1.74,1.27,1.74,1.28,1.74,1.3,1.74,1.28,1.74,1.3,1.74,1.28,1.74,1.31,1.74,1.3,1.74,1.28,1.74,1.33,1.74,1.26,1.74,1.3,1.74,1.31,1.74,1.74,0,1.74,0,1.74,0,1.74,0,Ef blenderized foods
B4150,,,0.49,0.71,0.49,0.71,0.48,0.71,0.47,0.71,0.48,0.71,0.47,0.71,0.46,0.71,0.46,0.71,0.49,0.71,0.49,0.71,0.48,0.71,0.48,0.71,0.48,0.71,0.48,0.71,0.48,0.71,0.49,0.71,0.49,0.71,0.47,0.71,0.46,0.71,0.47,0.71,0.48,0.71,0.48,0.71,0.48,0.71,0.49,0.71,0.48,0.71,0.49,0.71,0.48,0.71,0.48,0.71,0.47,0.71,0.46,0.71,0.48,0.71,0.47,0.71,0.46,0.71,0.48,0.71,0.48,0.71,0.47,0.71,0.46,0.71,0.47,0.71,0.49,0.71,0.48,0.71,0.49,0.71,0.48,0.71,0.48,0.71,0.49,0.71,0.47,0.71,0.47,0.71,0.48,0.71,0.49,0.71,0.48,0.71,0.72,0,0.72,0,0.72,0,0.72,0,Ef complet w/intact nutrient
B4152,,,0.4,0.58,0.4,0.58,0.39,0.58,0.39,0.58,0.41,0.58,0.4,0.58,0.39,0.58,0.39,0.58,0.4,0.58,0.4,0.58,0.39,0.58,0.41,0.58,0.4,0.58,0.4,0.58,0.39,0.58,0.4,0.58,0.4,0.58,0.4,0.58,0.39,0.58,0.4,0.58,0.4,0.58,0.39,0.58,0.39,0.58,0.4,0.58,0.41,0.58,0.4,0.58,0.39,0.58,0.39,0.58,0.4,0.58,0.39,0.58,0.39,0.58,0.39,0.58,0.39,0.58,0.4,0.58,0.39,0.58,0.39,0.58,0.39,0.58,0.4,0.58,0.4,0.58,0.39,0.58,0.4,0.58,0.39,0.58,0.41,0.58,0.4,0.58,0.4,0.58,0.39,0.58,0.4,0.58,0.4,0.58,0.41,0.58,0.59,0,0.59,0,0.59,0,0.59,0,Ef calorie dense>/=1.5kcal
B4153,,,1.55,2.1,1.55,2.1,1.51,2.1,1.59,2.1,1.59,2.1,1.45,2.1,1.41,2.1,1.41,2.1,1.55,2.1,1.55,2.1,1.57,2.1,1.59,2.1,1.51,2.1,1.51,2.1,1.57,2.1,1.55,2.1,1.55,2.1,1.45,2.1,1.41,2.1,1.45,2.1,1.51,2.1,1.57,2.1,1.57,2.1,1.55,2.1,1.59,2.1,1.55,2.1,1.57,2.1,1.57,2.1,1.45,2.1,1.41,2.1,1.51,2.1,1.59,2.1,1.41,2.1,1.51,2.1,1.51,2.1,1.59,2.1,1.41,2.1,1.45,2.1,1.55,2.1,1.57,2.1,1.55,2.1,1.51,2.1,1.59,2.1,1.55,2.1,1.45,2.1,1.59,2.1,1.51,2.1,1.55,2.1,1.59,2.1,2.23,0,2.23,0,2.23,0,2.23,0,Ef hydrolyzed/amino acids
B4154,,,0.85,1.26,0.85,1.26,0.85,1.26,0.83,1.26,0.86,1.26,0.82,1.26,0.79,1.26,0.79,1.26,0.85,1.26,0.85,1.26,0.85,1.26,0.86,1.26,0.82,1.26,0.82,1.26,0.85,1.26,0.85,1.26,0.85,1.26,0.82,1.26,0.79,1.26,0.82,1.26,0.82,1.26,0.85,1.26,0.85,1.26,0.85,1.26,0.86,1.26,0.85,1.26,0.85,1.26,0.85,1.26,0.82,1.26,0.79,1.26,0.85,1.26,0.83,1.26,0.79,1.26,0.82,1.26,0.85,1.26,0.83,1.26,0.79,1.26,0.82,1.26,0.85,1.26,0.85,1.26,0.85,1.26,0.85,1.26,0.86,1.26,0.85,1.26,0.82,1.26,0.83,1.26,0.82,1.26,0.85,1.26,0.86,1.26,1.27,0,1.27,0,1.27,0,1.27,0,Ef spec metabolic noninherit
B4155,,,0.91,1.13,0.91,1.13,0.94,1.13,0.92,1.13,1,1.13,0.96,1.13,0.9,1.13,0.9,1.13,0.91,1.13,0.91,1.13,0.91,1.13,1,1.13,0.88,1.13,0.88,1.13,0.91,1.13,0.91,1.13,0.91,1.13,0.96,1.13,0.9,1.13,0.96,1.13,0.88,1.13,0.91,1.13,0.91,1.13,0.91,1.13,1,1.13,0.91,1.13,0.91,1.13,0.91,1.13,0.96,1.13,0.9,1.13,0.94,1.13,0.92,1.13,0.9,1.13,0.88,1.13,0.94,1.13,0.92,1.13,0.9,1.13,0.96,1.13,0.91,1.13,0.91,1.13,0.91,1.13,0.94,1.13,1,1.13,0.91,1.13,0.96,1.13,0.92,1.13,0.88,1.13,0.91,1.13,1,1.13,1.23,0,1.23,0,1.23,0,1.23,0,Ef incomplete/modular
B4164,,,25.15,0,25.15,0,25.15,0,25.15,0,25.15,0,25.15,0,25.15,0,25.15,0,25.15,0,25.15,0,25.15,0,25.15,0,25.15,0,25.15,0,25.15,0,25.15,0,25.15,0,25.15,0,25.15,0,25.15,0,25.15,0,25.15,0,25.15,0,25.15,0,25.15,0,25.15,0,25.15,0,25.15,0,25.15,0,25.15,0,25.15,0,25.15,0,25.15,0,25.15,0,25.15,0,25.15,0,25.15,0,25.15,0,25.15,0,25.15,0,25.15,0,25.15,0,25.15,0,25.15,0,25.15,0,25.15,0,25.15,0,25.15,0,25.15,0,25.15,0,25.15,0,25.15,0,25.15,0,Parenteral 50% dextrose solu
B4168,,,36.68,0,36.68,0,36.68,0,36.68,0,36.68,0,36.68,0,36.68,0,36.68,0,36.68,0,36.68,0,36.68,0,36.68,0,36.68,0,36.68,0,36.68,0,36.68,0,36.68,0,36.68,0,36.68,0,36.68,0,36.68,0,36.68,0,36.68,0,36.68,0,36.68,0,36.68,0,36.68,0,36.68,0,36.68,0,36.68,0,36.68,0,36.68,0,36.68,0,36.68,0,36.68,0,36.68,0,36.68,0,36.68,0,36.68,0,36.68,0,36.68,0,36.68,0,36.68,0,36.68,0,36.68,0,36.68,0,36.68,0,36.68,0,36.68,0,36.68,0,36.68,0,36.68,0,36.68,0,Parenteral sol amino acid 3.
B4176,,,70.96,0,70.96,0,70.96,0,70.96,0,70.96,0,70.96,0,70.96,0,70.96,0,70.96,0,70.96,0,70.96,0,70.96,0,70.96,0,70.96,0,70.96,0,70.96,0,70.96,0,70.96,0,70.96,0,70.96,0,70.96,0,70.96,0,70.96,0,70.96,0,70.96,0,70.96,0,70.96,0,70.96,0,70.96,0,70.96,0,70.96,0,70.96,0,70.96,0,70.96,0,70.96,0,70.96,0,70.96,0,70.96,0,70.96,0,70.96,0,70.96,0,70.96,0,70.96,0,70.96,0,70.96,0,70.96,0,70.96,0,70.96,0,70.96,0,70.96,0,70.96,0,70.96,0,70.96,0,Parenteral sol amino acid 7-
B4178,,,85.16,0,85.16,0,85.16,0,85.16,0,85.16,0,85.16,0,85.16,0,85.16,0,85.16,0,85.16,0,85.16,0,85.16,0,85.16,0,85.16,0,85.16,0,85.16,0,85.16,0,85.16,0,85.16,0,85.16,0,85.16,0,85.16,0,85.16,0,85.16,0,85.16,0,85.16,0,85.16,0,85.16,0,85.16,0,85.16,0,85.16,0,85.16,0,85.16,0,85.16,0,85.16,0,85.16,0,85.16,0,85.16,0,85.16,0,85.16,0,85.16,0,85.16,0,85.16,0,85.16,0,85.16,0,85.16,0,85.16,0,85.16,0,85.16,0,85.16,0,85.16,0,85.16,0,85.16,0,Parenteral sol amino acid >
B4180,,,36.11,0,36.11,0,36.11,0,36.11,0,36.11,0,36.11,0,36.11,0,36.11,0,36.11,0,36.11,0,36.11,0,36.11,0,36.11,0,36.11,0,36.11,0,36.11,0,36.11,0,36.11,0,36.11,0,36.11,0,36.11,0,36.11,0,36.11,0,36.11,0,36.11,0,36.11,0,36.11,0,36.11,0,36.11,0,36.11,0,36.11,0,36.11,0,36.11,0,36.11,0,36.11,0,36.11,0,36.11,0,36.11,0,36.11,0,36.11,0,36.11,0,36.11,0,36.11,0,36.11,0,36.11,0,36.11,0,36.11,0,36.11,0,36.11,0,36.11,0,36.11,0,36.11,0,36.11,0,Parenteral sol carb > 50%
B4185,,,16.62,0,16.62,0,16.62,0,16.62,0,16.62,0,16.62,0,16.62,0,16.62,0,16.62,0,16.62,0,16.62,0,16.62,0,16.62,0,16.62,0,16.62,0,16.62,0,16.62,0,16.62,0,16.62,0,16.62,0,16.62,0,16.62,0,16.62,0,16.62,0,16.62,0,16.62,0,16.62,0,16.62,0,16.62,0,16.62,0,16.62,0,16.62,0,16.62,0,16.62,0,16.62,0,16.62,0,16.62,0,16.62,0,16.62,0,16.62,0,16.62,0,16.62,0,16.62,0,16.62,0,16.62,0,16.62,0,16.62,0,16.62,0,16.62,0,16.62,0,16.62,0,16.62,0,16.62,0,Pn soln nos 10 grams lipids
B4187,,,16.62,0,16.62,0,16.62,0,16.62,0,16.62,0,16.62,0,16.62,0,16.62,0,16.62,0,16.62,0,16.62,0,16.62,0,16.62,0,16.62,0,16.62,0,16.62,0,16.62,0,16.62,0,16.62,0,16.62,0,16.62,0,16.62,0,16.62,0,16.62,0,16.62,0,16.62,0,16.62,0,16.62,0,16.62,0,16.62,0,16.62,0,16.62,0,16.62,0,16.62,0,16.62,0,16.62,0,16.62,0,16.62,0,16.62,0,16.62,0,16.62,0,16.62,0,16.62,0,16.62,0,16.62,0,16.62,0,16.62,0,16.62,0,16.62,0,16.62,0,16.62,0,16.62,0,16.62,0,"Omegaven, 10 grams lipids"
B4189,,,263.06,0,263.06,0,263.06,0,263.06,0,263.06,0,263.06,0,263.06,0,263.06,0,263.06,0,263.06,0,263.06,0,263.06,0,263.06,0,263.06,0,263.06,0,263.06,0,263.06,0,263.06,0,263.06,0,263.06,0,263.06,0,263.06,0,263.06,0,263.06,0,263.06,0,263.06,0,263.06,0,263.06,0,263.06,0,263.06,0,263.06,0,263.06,0,263.06,0,263.06,0,263.06,0,263.06,0,263.06,0,263.06,0,263.06,0,263.06,0,263.06,0,263.06,0,263.06,0,263.06,0,263.06,0,263.06,0,263.06,0,263.06,0,263.06,0,263.06,0,263.06,0,263.06,0,263.06,0,Parenteral sol amino acid &
B4193,,,339.9,0,339.9,0,339.9,0,339.9,0,339.9,0,339.9,0,339.9,0,339.9,0,339.9,0,339.9,0,339.9,0,339.9,0,339.9,0,339.9,0,339.9,0,339.9,0,339.9,0,339.9,0,339.9,0,339.9,0,339.9,0,339.9,0,339.9,0,339.9,0,339.9,0,339.9,0,339.9,0,339.9,0,339.9,0,339.9,0,339.9,0,339.9,0,339.9,0,339.9,0,339.9,0,339.9,0,339.9,0,339.9,0,339.9,0,339.9,0,339.9,0,339.9,0,339.9,0,339.9,0,339.9,0,339.9,0,339.9,0,339.9,0,339.9,0,339.9,0,339.9,0,339.9,0,339.9,0,Parenteral sol 52-73 gm prot
B4197,,,413.83,0,413.83,0,413.83,0,413.83,0,413.83,0,413.83,0,413.83,0,413.83,0,413.83,0,413.83,0,413.83,0,413.83,0,413.83,0,413.83,0,413.83,0,413.83,0,413.83,0,413.83,0,413.83,0,413.83,0,413.83,0,413.83,0,413.83,0,413.83,0,413.83,0,413.83,0,413.83,0,413.83,0,413.83,0,413.83,0,413.83,0,413.83,0,413.83,0,413.83,0,413.83,0,413.83,0,413.83,0,413.83,0,413.83,0,413.83,0,413.83,0,413.83,0,413.83,0,413.83,0,413.83,0,413.83,0,413.83,0,413.83,0,413.83,0,413.83,0,413.83,0,413.83,0,413.83,0,Parenteral sol 74-100 gm pro
B4199,,,472.87,0,472.87,0,472.87,0,472.87,0,472.87,0,472.87,0,472.87,0,472.87,0,472.87,0,472.87,0,472.87,0,472.87,0,472.87,0,472.87,0,472.87,0,472.87,0,472.87,0,472.87,0,472.87,0,472.87,0,472.87,0,472.87,0,472.87,0,472.87,0,472.87,0,472.87,0,472.87,0,472.87,0,472.87,0,472.87,0,472.87,0,472.87,0,472.87,0,472.87,0,472.87,0,472.87,0,472.87,0,472.87,0,472.87,0,472.87,0,472.87,0,472.87,0,472.87,0,472.87,0,472.87,0,472.87,0,472.87,0,472.87,0,472.87,0,472.87,0,472.87,0,472.87,0,472.87,0,Parenteral sol > 100gm prote
B4216,,,11.42,0,11.42,0,11.42,0,11.42,0,11.42,0,11.42,0,11.42,0,11.42,0,11.42,0,11.42,0,11.42,0,11.42,0,11.42,0,11.42,0,11.42,0,11.42,0,11.42,0,11.42,0,11.42,0,11.42,0,11.42,0,11.42,0,11.42,0,11.42,0,11.42,0,11.42,0,11.42,0,11.42,0,11.42,0,11.42,0,11.42,0,11.42,0,11.42,0,11.42,0,11.42,0,11.42,0,11.42,0,11.42,0,11.42,0,11.42,0,11.42,0,11.42,0,11.42,0,11.42,0,11.42,0,11.42,0,11.42,0,11.42,0,11.42,0,11.42,0,11.42,0,11.42,0,11.42,0,Parenteral nutrition additiv
B4220,,,11.84,0,11.84,0,11.84,0,11.84,0,11.84,0,11.84,0,11.84,0,11.84,0,11.84,0,11.84,0,11.84,0,11.84,0,11.84,0,11.84,0,11.84,0,11.84,0,11.84,0,11.84,0,11.84,0,11.84,0,11.84,0,11.84,0,11.84,0,11.84,0,11.84,0,11.84,0,11.84,0,11.84,0,11.84,0,11.84,0,11.84,0,11.84,0,11.84,0,11.84,0,11.84,0,11.84,0,11.84,0,11.84,0,11.84,0,11.84,0,11.84,0,11.84,0,11.84,0,11.84,0,11.84,0,11.84,0,11.84,0,11.84,0,11.84,0,11.84,0,11.84,0,11.84,0,11.84,0,Parenteral supply kit premix
B4222,,,14.62,0,14.62,0,14.62,0,14.62,0,14.62,0,14.62,0,14.62,0,14.62,0,14.62,0,14.62,0,14.62,0,14.62,0,14.62,0,14.62,0,14.62,0,14.62,0,14.62,0,14.62,0,14.62,0,14.62,0,14.62,0,14.62,0,14.62,0,14.62,0,14.62,0,14.62,0,14.62,0,14.62,0,14.62,0,14.62,0,14.62,0,14.62,0,14.62,0,14.62,0,14.62,0,14.62,0,14.62,0,14.62,0,14.62,0,14.62,0,14.62,0,14.62,0,14.62,0,14.62,0,14.62,0,14.62,0,14.62,0,14.62,0,14.62,0,14.62,0,14.62,0,14.62,0,14.62,0,Parenteral supply kit homemi
B4224,,,37,0,37,0,37,0,37,0,37,0,37,0,37,0,37,0,37,0,37,0,37,0,37,0,37,0,37,0,37,0,37,0,37,0,37,0,37,0,37,0,37,0,37,0,37,0,37,0,37,0,37,0,37,0,37,0,37,0,37,0,37,0,37,0,37,0,37,0,37,0,37,0,37,0,37,0,37,0,37,0,37,0,37,0,37,0,37,0,37,0,37,0,37,0,37,0,37,0,37,0,37,0,37,0,37,0,Parenteral administration ki
B5000,,,17.6,0,17.6,0,17.6,0,17.6,0,17.6,0,17.6,0,17.6,0,17.6,0,17.6,0,17.6,0,17.6,0,17.6,0,17.6,0,17.6,0,17.6,0,17.6,0,17.6,0,17.6,0,17.6,0,17.6,0,17.6,0,17.6,0,17.6,0,17.6,0,17.6,0,17.6,0,17.6,0,17.6,0,17.6,0,17.6,0,17.6,0,17.6,0,17.6,0,17.6,0,17.6,0,17.6,0,17.6,0,17.6,0,17.6,0,17.6,0,17.6,0,17.6,0,17.6,0,17.6,0,17.6,0,17.6,0,17.6,0,17.6,0,17.6,0,17.6,0,17.6,0,17.6,0,17.6,0,Parenteral sol renal-amirosy
B5100,,,6.87,0,6.87,0,6.87,0,6.87,0,6.87,0,6.87,0,6.87,0,6.87,0,6.87,0,6.87,0,6.87,0,6.87,0,6.87,0,6.87,0,6.87,0,6.87,0,6.87,0,6.87,0,6.87,0,6.87,0,6.87,0,6.87,0,6.87,0,6.87,0,6.87,0,6.87,0,6.87,0,6.87,0,6.87,0,6.87,0,6.87,0,6.87,0,6.87,0,6.87,0,6.87,0,6.87,0,6.87,0,6.87,0,6.87,0,6.87,0,6.87,0,6.87,0,6.87,0,6.87,0,6.87,0,6.87,0,6.87,0,6.87,0,6.87,0,6.87,0,6.87,0,6.87,0,6.87,0,Parenteral solution hepatic
B9002,MS,,40.98,60.75,40.98,60.75,39.47,60.75,38.93,60.75,39.15,60.75,38.36,60.75,37.79,60.75,37.79,60.75,40.98,60.75,40.98,60.75,39.47,60.75,39.15,60.75,39.57,60.75,39.57,60.75,39.47,60.75,40.98,60.75,40.98,60.75,38.36,60.75,37.79,60.75,38.36,60.75,39.57,60.75,39.47,60.75,39.47,60.75,40.98,60.75,39.15,60.75,40.98,60.75,39.47,60.75,39.47,60.75,38.36,60.75,37.79,60.75,39.47,60.75,38.93,60.75,37.79,60.75,39.57,60.75,39.47,60.75,38.93,60.75,37.79,60.75,38.36,60.75,40.98,60.75,39.47,60.75,40.98,60.75,39.47,60.75,39.15,60.75,40.98,60.75,38.36,60.75,38.93,60.75,39.57,60.75,40.98,60.75,39.15,60.75,61.79,0,61.79,0,61.79,0,61.79,0,Enter nutr inf pump any type
B9002,NU,,819.54,1240.45,819.54,1240.45,789.37,1240.45,778.53,1240.45,783.01,1240.45,767.12,1240.45,755.74,1240.45,755.74,1240.45,819.54,1240.45,819.54,1240.45,789.39,1240.45,783.01,1240.45,791.44,1240.45,791.44,1240.45,789.39,1240.45,819.54,1240.45,819.54,1240.45,767.12,1240.45,755.74,1240.45,767.12,1240.45,791.44,1240.45,789.39,1240.45,789.39,1240.45,819.54,1240.45,783.01,1240.45,819.54,1240.45,789.39,1240.45,789.39,1240.45,767.12,1240.45,755.74,1240.45,789.37,1240.45,778.53,1240.45,755.74,1240.45,791.44,1240.45,789.37,1240.45,778.53,1240.45,755.74,1240.45,767.12,1240.45,819.54,1240.45,789.39,1240.45,819.54,1240.45,789.37,1240.45,783.01,1240.45,819.54,1240.45,767.12,1240.45,778.53,1240.45,791.44,1240.45,819.54,1240.45,783.01,1240.45,1261.32,0,1261.32,0,1261.32,0,1261.32,0,Enter nutr inf pump any type
B9002,RR,,81.95,121.5,81.95,121.5,78.94,121.5,77.85,121.5,78.3,121.5,76.71,121.5,75.57,121.5,75.57,121.5,81.95,121.5,81.95,121.5,78.94,121.5,78.3,121.5,79.14,121.5,79.14,121.5,78.94,121.5,81.95,121.5,81.95,121.5,76.71,121.5,75.57,121.5,76.71,121.5,79.14,121.5,78.94,121.5,78.94,121.5,81.95,121.5,78.3,121.5,81.95,121.5,78.94,121.5,78.94,121.5,76.71,121.5,75.57,121.5,78.94,121.5,77.85,121.5,75.57,121.5,79.14,121.5,78.94,121.5,77.85,121.5,75.57,121.5,76.71,121.5,81.95,121.5,78.94,121.5,81.95,121.5,78.94,121.5,78.3,121.5,81.95,121.5,76.71,121.5,77.85,121.5,79.14,121.5,81.95,121.5,78.3,121.5,123.59,0,123.59,0,123.59,0,123.59,0,Enter nutr inf pump any type
B9002,UE,,614.66,930.34,614.66,930.34,592.03,930.34,583.9,930.34,587.26,930.34,575.34,930.34,566.8,930.34,566.8,930.34,614.66,930.34,614.66,930.34,592.05,930.34,587.26,930.34,593.58,930.34,593.58,930.34,592.05,930.34,614.66,930.34,614.66,930.34,575.34,930.34,566.8,930.34,575.34,930.34,593.58,930.34,592.05,930.34,592.05,930.34,614.66,930.34,587.26,930.34,614.66,930.34,592.05,930.34,592.05,930.34,575.34,930.34,566.8,930.34,592.03,930.34,583.9,930.34,566.8,930.34,593.58,930.34,592.03,930.34,583.9,930.34,566.8,930.34,575.34,930.34,614.66,930.34,592.05,930.34,614.66,930.34,592.03,930.34,587.26,930.34,614.66,930.34,575.34,930.34,583.9,930.34,593.58,930.34,614.66,930.34,587.26,930.34,945.99,0,945.99,0,945.99,0,945.99,0,Enter nutr inf pump any type
B9004,MS,,295.55,0,295.55,0,295.55,0,295.55,0,295.55,0,295.55,0,295.55,0,295.55,0,295.55,0,295.55,0,295.55,0,295.55,0,295.55,0,295.55,0,295.55,0,295.55,0,295.55,0,295.55,0,295.55,0,295.55,0,295.55,0,295.55,0,295.55,0,295.55,0,295.55,0,295.55,0,295.55,0,295.55,0,295.55,0,295.55,0,295.55,0,295.55,0,295.55,0,295.55,0,295.55,0,295.55,0,295.55,0,295.55,0,295.55,0,295.55,0,295.55,0,295.55,0,295.55,0,295.55,0,295.55,0,295.55,0,295.55,0,295.55,0,295.55,0,295.55,0,295.55,0,295.55,0,295.55,0,Parenteral infus pump portab
B9004,NU,,3734.03,0,3734.03,0,3734.03,0,3734.03,0,3734.03,0,3734.03,0,3734.03,0,3734.03,0,3734.03,0,3734.03,0,3734.03,0,3734.03,0,3734.03,0,3734.03,0,3734.03,0,3734.03,0,3734.03,0,3734.03,0,3734.03,0,3734.03,0,3734.03,0,3734.03,0,3734.03,0,3734.03,0,3734.03,0,3734.03,0,3734.03,0,3734.03,0,3734.03,0,3734.03,0,3734.03,0,3734.03,0,3734.03,0,3734.03,0,3734.03,0,3734.03,0,3734.03,0,3734.03,0,3734.03,0,3734.03,0,3734.03,0,3734.03,0,3734.03,0,3734.03,0,3734.03,0,3734.03,0,3734.03,0,3734.03,0,3734.03,0,3734.03,0,3734.03,0,3734.03,0,3734.03,0,Parenteral infus pump portab
B9004,RR,,591.1,0,591.1,0,591.1,0,591.1,0,591.1,0,591.1,0,591.1,0,591.1,0,591.1,0,591.1,0,591.1,0,591.1,0,591.1,0,591.1,0,591.1,0,591.1,0,591.1,0,591.1,0,591.1,0,591.1,0,591.1,0,591.1,0,591.1,0,591.1,0,591.1,0,591.1,0,591.1,0,591.1,0,591.1,0,591.1,0,591.1,0,591.1,0,591.1,0,591.1,0,591.1,0,591.1,0,591.1,0,591.1,0,591.1,0,591.1,0,591.1,0,591.1,0,591.1,0,591.1,0,591.1,0,591.1,0,591.1,0,591.1,0,591.1,0,591.1,0,591.1,0,591.1,0,591.1,0,Parenteral infus pump portab
B9004,UE,,2800.51,0,2800.51,0,2800.51,0,2800.51,0,2800.51,0,2800.51,0,2800.51,0,2800.51,0,2800.51,0,2800.51,0,2800.51,0,2800.51,0,2800.51,0,2800.51,0,2800.51,0,2800.51,0,2800.51,0,2800.51,0,2800.51,0,2800.51,0,2800.51,0,2800.51,0,2800.51,0,2800.51,0,2800.51,0,2800.51,0,2800.51,0,2800.51,0,2800.51,0,2800.51,0,2800.51,0,2800.51,0,2800.51,0,2800.51,0,2800.51,0,2800.51,0,2800.51,0,2800.51,0,2800.51,0,2800.51,0,2800.51,0,2800.51,0,2800.51,0,2800.51,0,2800.51,0,2800.51,0,2800.51,0,2800.51,0,2800.51,0,2800.51,0,2800.51,0,2800.51,0,2800.51,0,Parenteral infus pump portab
B9006,MS,,295.55,0,295.55,0,295.55,0,295.55,0,295.55,0,295.55,0,295.55,0,295.55,0,295.55,0,295.55,0,295.55,0,295.55,0,295.55,0,295.55,0,295.55,0,295.55,0,295.55,0,295.55,0,295.55,0,295.55,0,295.55,0,295.55,0,295.55,0,295.55,0,295.55,0,295.55,0,295.55,0,295.55,0,295.55,0,295.55,0,295.55,0,295.55,0,295.55,0,295.55,0,295.55,0,295.55,0,295.55,0,295.55,0,295.55,0,295.55,0,295.55,0,295.55,0,295.55,0,295.55,0,295.55,0,295.55,0,295.55,0,295.55,0,295.55,0,295.55,0,295.55,0,295.55,0,295.55,0,Parenteral infus pump statio
B9006,NU,,3734.03,0,3734.03,0,3734.03,0,3734.03,0,3734.03,0,3734.03,0,3734.03,0,3734.03,0,3734.03,0,3734.03,0,3734.03,0,3734.03,0,3734.03,0,3734.03,0,3734.03,0,3734.03,0,3734.03,0,3734.03,0,3734.03,0,3734.03,0,3734.03,0,3734.03,0,3734.03,0,3734.03,0,3734.03,0,3734.03,0,3734.03,0,3734.03,0,3734.03,0,3734.03,0,3734.03,0,3734.03,0,3734.03,0,3734.03,0,3734.03,0,3734.03,0,3734.03,0,3734.03,0,3734.03,0,3734.03,0,3734.03,0,3734.03,0,3734.03,0,3734.03,0,3734.03,0,3734.03,0,3734.03,0,3734.03,0,3734.03,0,3734.03,0,3734.03,0,3734.03,0,3734.03,0,Parenteral infus pump statio
B9006,RR,,591.1,0,591.1,0,591.1,0,591.1,0,591.1,0,591.1,0,591.1,0,591.1,0,591.1,0,591.1,0,591.1,0,591.1,0,591.1,0,591.1,0,591.1,0,591.1,0,591.1,0,591.1,0,591.1,0,591.1,0,591.1,0,591.1,0,591.1,0,591.1,0,591.1,0,591.1,0,591.1,0,591.1,0,591.1,0,591.1,0,591.1,0,591.1,0,591.1,0,591.1,0,591.1,0,591.1,0,591.1,0,591.1,0,591.1,0,591.1,0,591.1,0,591.1,0,591.1,0,591.1,0,591.1,0,591.1,0,591.1,0,591.1,0,591.1,0,591.1,0,591.1,0,591.1,0,591.1,0,Parenteral infus pump statio
B9006,UE,,2800.51,0,2800.51,0,2800.51,0,2800.51,0,2800.51,0,2800.51,0,2800.51,0,2800.51,0,2800.51,0,2800.51,0,2800.51,0,2800.51,0,2800.51,0,2800.51,0,2800.51,0,2800.51,0,2800.51,0,2800.51,0,2800.51,0,2800.51,0,2800.51,0,2800.51,0,2800.51,0,2800.51,0,2800.51,0,2800.51,0,2800.51,0,2800.51,0,2800.51,0,2800.51,0,2800.51,0,2800.51,0,2800.51,0,2800.51,0,2800.51,0,2800.51,0,2800.51,0,2800.51,0,2800.51,0,2800.51,0,2800.51,0,2800.51,0,2800.51,0,2800.51,0,2800.51,0,2800.51,0,2800.51,0,2800.51,0,2800.51,0,2800.51,0,2800.51,0,2800.51,0,2800.51,0,Parenteral infus pump statio
E0776,NU,BA,66.1,102.55,66.1,102.55,62.06,102.55,65.34,102.55,62.04,102.55,65.35,102.55,64.11,102.55,64.11,102.55,66.1,102.55,66.1,102.55,63.86,102.55,62.04,102.55,64.5,102.55,64.5,102.55,63.86,102.55,66.1,102.55,66.1,102.55,65.35,102.55,64.11,102.55,65.35,102.55,64.5,102.55,63.86,102.55,63.86,102.55,66.1,102.55,62.04,102.55,66.1,102.55,63.86,102.55,63.86,102.55,65.35,102.55,64.11,102.55,62.06,102.55,65.34,102.55,64.11,102.55,64.5,102.55,62.06,102.55,65.34,102.55,64.11,102.55,65.35,102.55,66.1,102.55,63.86,102.55,66.1,102.55,62.06,102.55,62.04,102.55,66.1,102.55,65.35,102.55,65.34,102.55,64.5,102.55,66.1,102.55,62.04,102.55,102.55,0,102.55,0,102.55,0,102.55,0,Iv pole
E0776,NU,KE,0,112.28,0,112.28,0,112.28,0,112.28,0,112.28,0,112.28,0,112.28,0,112.28,0,112.28,0,112.28,0,112.28,0,112.28,0,112.28,0,112.28,0,112.28,0,112.28,0,112.28,0,112.28,0,112.28,0,112.28,0,112.28,0,112.28,0,112.28,0,112.28,0,112.28,0,112.28,0,112.28,0,112.28,0,112.28,0,112.28,0,112.28,0,112.28,0,112.28,0,112.28,0,112.28,0,112.28,0,112.28,0,112.28,0,112.28,0,112.28,0,112.28,0,112.28,0,112.28,0,112.28,0,112.28,0,112.28,0,112.28,0,112.28,0,112.28,112.28,0,112.28,0,112.28,0,112.28,0,Iv pole
E0776,RR,BA,6.61,20.52,6.61,20.52,6.21,20.52,6.54,20.52,6.21,20.52,6.54,20.52,6.41,20.52,6.41,20.52,6.61,20.52,6.61,20.52,6.39,20.52,6.21,20.52,6.45,20.52,6.45,20.52,6.39,20.52,6.61,20.52,6.61,20.52,6.54,20.52,6.41,20.52,6.54,20.52,6.45,20.52,6.39,20.52,6.39,20.52,6.61,20.52,6.21,20.52,6.61,20.52,6.39,20.52,6.39,20.52,6.54,20.52,6.41,20.52,6.21,20.52,6.54,20.52,6.41,20.52,6.45,20.52,6.21,20.52,6.54,20.52,6.41,20.52,6.54,20.52,6.61,20.52,6.39,20.52,6.61,20.52,6.21,20.52,6.21,20.52,6.61,20.52,6.54,20.52,6.54,20.52,6.45,20.52,6.61,20.52,6.21,20.52,20.52,0,20.52,0,20.52,0,20.52,0,Iv pole
E0776,RR,KE,0,22.98,0,22.98,0,22.98,0,22.98,0,22.98,0,22.98,0,22.98,0,22.98,0,22.98,0,22.98,0,22.98,0,22.98,0,22.98,0,22.98,0,22.98,0,22.98,0,22.98,0,22.98,0,22.98,0,22.98,0,22.98,0,22.98,0,22.98,0,22.98,0,22.98,0,22.98,0,22.98,0,22.98,0,22.98,0,22.98,0,22.98,0,22.98,0,22.98,0,22.98,0,22.98,0,22.98,0,22.98,0,22.98,0,22.98,0,22.98,0,22.98,0,22.98,0,22.98,0,22.98,0,22.98,0,22.98,0,22.98,0,22.98,0,22.98,22.98,0,22.98,0,22.98,0,22.98,0,Iv pole
E0776,UE,BA,49.57,76.92,49.57,76.92,46.54,76.92,49.01,76.92,46.53,76.92,49.02,76.92,48.08,76.92,48.08,76.92,49.57,76.92,49.57,76.92,47.9,76.92,46.53,76.92,48.38,76.92,48.38,76.92,47.9,76.92,49.57,76.92,49.57,76.92,49.02,76.92,48.08,76.92,49.02,76.92,48.38,76.92,47.9,76.92,47.9,76.92,49.57,76.92,46.53,76.92,49.57,76.92,47.9,76.92,47.9,76.92,49.02,76.92,48.08,76.92,46.54,76.92,49.01,76.92,48.08,76.92,48.38,76.92,46.54,76.92,49.01,76.92,48.08,76.92,49.02,76.92,49.57,76.92,47.9,76.92,49.57,76.92,46.54,76.92,46.53,76.92,49.57,76.92,49.02,76.92,49.01,76.92,48.38,76.92,49.57,76.92,46.53,76.92,76.92,0,76.92,0,76.92,0,76.92,0,Iv pole
E0776,UE,KE,0,84.22,0,84.22,0,84.22,0,84.22,0,84.22,0,84.22,0,84.22,0,84.22,0,84.22,0,84.22,0,84.22,0,84.22,0,84.22,0,84.22,0,84.22,0,84.22,0,84.22,0,84.22,0,84.22,0,84.22,0,84.22,0,84.22,0,84.22,0,84.22,0,84.22,0,84.22,0,84.22,0,84.22,0,84.22,0,84.22,0,84.22,0,84.22,0,84.22,0,84.22,0,84.22,0,84.22,0,84.22,0,84.22,0,84.22,0,84.22,0,84.22,0,84.22,0,84.22,0,84.22,0,84.22,0,84.22,0,84.22,0,84.22,0,84.22,84.22,0,84.22,0,84.22,0,84.22,0,Iv pole
